dataset,model,true_n_clusters,n_clusters_found,n_noise_points,silhouette_score,davies_bouldin_score,fit_time_s,peak_memory_mb
blobs,ConvexClusterer,3,3,0,0.8777615584863702,0.17297608934381503,53.0635,2.0504
blobs,KMeans,3,3,0,0.8777615584863702,0.17297608934381503,10.8309,0.236
blobs,DBSCAN,3,3,0,0.8777615584863702,0.17297608934381503,0.0095,0.0737
moons,ConvexClusterer,2,2,0,0.3788351932157731,1.0281144581937738,0.0265,4.6169
moons,KMeans,2,2,0,0.4892550578144554,0.8131452114151887,0.0738,0.0291
moons,DBSCAN,2,14,99,0.6200125953878417,0.43123702402179026,0.0074,0.0515
circles,ConvexClusterer,2,1,0,-1.0,-1.0,0.0266,4.4511
circles,KMeans,2,2,0,0.3524036216004374,1.1696447662448046,0.0814,0.0279
circles,DBSCAN,2,7,153,0.7805318565620012,0.26626395034378636,0.0059,0.0518
